Feature,Importance
memory_requested,0.1770749142589304
disk_requested,0.1715987267609398
execution_duration_sec,0.1559122960752322
priority,0.09085921595386394
scheduling_delay_sec,0.0812818478528048
priority_inversion_flag,0.07851767717771704
cpu_requested,0.06624298059736251
different_machine,0.06410334270970534
scheduling_class,0.04360697590043619
resource_overcommit_ratio,0.030831051150773666
machine_failure_rate,0.029147360388746255
concurrency_density,0.010823611173487995
